name,position_label,predicted_points,gameweek,has_fixture
Erling Haaland,FWD,6.1613993644714355,2,Yes
Ollie Watkins,FWD,4.184602737426758,2,Yes
Yoane Wissa,FWD,4.1116743087768555,2,Yes
Danny Welbeck,FWD,3.4225761890411377,2,Yes
Nicolas Jackson,FWD,3.3785574436187744,2,Yes
Chris Wood,FWD,3.2782390117645264,2,Yes
Jørgen Strand Larsen,FWD,3.144810914993286,2,Yes
Rodrigo Muniz Carvalho,FWD,2.9470019340515137,2,Yes
Kai Havertz,FWD,2.888356924057007,2,Yes
Francisco Evanilson de Lima Barbosa,FWD,2.8578970432281494,2,Yes
Jean-Philippe Mateta,FWD,2.6557796001434326,2,Yes
Dominic Calvert-Lewin,FWD,2.640995979309082,2,Yes
Alexander Isak,FWD,2.6051976680755615,2,Yes
Michail Antonio,FWD,2.4678471088409424,2,Yes
Adam Armstrong,FWD,2.4419198036193848,2,Yes
Matheus Santos Carneiro Da Cunha,FWD,2.416579484939575,2,Yes
João Pedro Junqueira de Jesus,FWD,2.408459424972534,2,Yes
Liam Delap,FWD,2.4045238494873047,2,Yes
Odsonne Edouard,FWD,2.042922019958496,2,Yes
Dominic Solanke-Mitchell,FWD,2.0105197429656982,2,Yes
Jamie Vardy,FWD,1.9910931587219238,2,Yes
Cody Gakpo,FWD,1.9869413375854492,2,Yes
Gabriel Fernando de Jesus,FWD,1.841420292854309,2,Yes
Jhon Durán,FWD,1.7675905227661133,2,Yes
Joshua Zirkzee,FWD,1.6820781230926514,2,Yes
Taiwo Awoniyi,FWD,1.2821228504180908,2,Yes
Iliman Ndiaye,FWD,1.2480340003967285,2,Yes
Niclas Füllkrug,FWD,1.2472466230392456,2,Yes
Cameron Archer,FWD,1.0823062658309937,2,Yes
Darwin Núñez Ribeiro,FWD,0.9274749755859375,2,Yes
Raúl Jiménez,FWD,0.9038950204849243,2,Yes
Richarlison de Andrade,FWD,0.735288143157959,2,Yes
Norberto Bercique Gomes Betuncal,FWD,0.6859756112098694,2,Yes
Daniel Jebbison,FWD,0.6565226912498474,2,Yes
Ivan Toney,FWD,0.6257845163345337,2,Yes
Ali Al-Hamadi,FWD,0.5778788924217224,2,Yes
Callum Wilson,FWD,0.5515831112861633,2,Yes
Eddie Nketiah,FWD,0.5483121275901794,2,Yes
Marc Guiu Paz,FWD,0.4208747148513794,2,Yes
Romelu Lukaku Bolingoli,FWD,0.4134725332260132,2,Yes
Danny Ings,FWD,0.381888210773468,2,Yes
Julián Álvarez,FWD,0.35916364192962646,2,Yes
Nathan Fraser,FWD,0.35341978073120117,2,Yes
William Osula,FWD,0.3526095747947693,2,Yes
Armando Broja,FWD,0.34741926193237305,2,Yes
David Datro Fofana,FWD,0.3459811210632324,2,Yes
Jay Stansfield,FWD,0.31893688440322876,2,Yes
Rasmus Højlund,FWD,0.3136460781097412,2,Yes
Fábio Silva,FWD,0.3095003366470337,2,Yes
Saša Kalajdžić,FWD,0.3071324825286865,2,Yes
Deivid Washington de Souza Eugênio,FWD,0.30505287647247314,2,Yes
Alejo Véliz,FWD,0.27029967308044434,2,Yes
Leon Chiwome,FWD,0.266818642616272,2,Yes
Emmanuel Dennis,FWD,0.26663708686828613,2,Yes
Enes Ünal,FWD,0.265268474817276,2,Yes
Will Lankshear,FWD,0.26320943236351013,2,Yes
Dane Scarlett,FWD,0.24765320122241974,2,Yes
Paul Onuachu,FWD,0.2419205904006958,2,Yes
Sékou Mara,FWD,0.2417803704738617,2,Yes
Hwang Ui-jo,FWD,0.2219020128250122,2,Yes
Igor Thiago Nascimento Rodrigues,FWD,0.2211264818906784,2,Yes
Ross Stewart,FWD,0.21691419184207916,2,Yes
Carlos Vinícius Alves Morais,FWD,0.2081456184387207,2,Yes
Deniz Undav,FWD,0.20741182565689087,2,Yes
Evan Ferguson,FWD,0.20638708770275116,2,Yes
Mark O’Mahony,FWD,0.172615185379982,2,Yes
Patson Daka,FWD,0.1410742849111557,2,Yes
George Hirst,FWD,0.1401849389076233,2,Yes
Tom Cannon,FWD,0.12006969749927521,2,Yes
Youssef Ramalho Chermiti,FWD,0.10109052062034607,2,Yes
Freddie Ladapo,FWD,0.10004425048828125,2,Yes
Neal Maupay,FWD,0.06202113628387451,2,Yes
Mohamed Salah,MID,5.570875644683838,2,Yes
Bukayo Saka,MID,5.52300500869751,2,Yes
Diogo Teixeira da Silva,MID,4.548741817474365,2,Yes
James Maddison,MID,4.17999267578125,2,Yes
Kevin De Bruyne,MID,4.0350542068481445,2,Yes
Cole Palmer,MID,4.000710964202881,2,Yes
Martin Ødegaard,MID,3.7271149158477783,2,Yes
Antoine Semenyo,MID,3.705843210220337,2,Yes
Bernardo Veiga de Carvalho e Silva,MID,3.702589988708496,2,Yes
Lucas Tolentino Coelho de Lima,MID,3.670503616333008,2,Yes
Bryan Mbeumo,MID,3.6143062114715576,2,Yes
Son Heung-min,MID,3.596276044845581,2,Yes
Morgan Gibbs-White,MID,3.587918758392334,2,Yes
Andreas Hoelgebaum Pereira,MID,3.5431060791015625,2,Yes
Callum Hudson-Odoi,MID,3.5414364337921143,2,Yes
Noni Madueke,MID,3.523355722427368,2,Yes
Mitoma Kaoru,MID,3.5196361541748047,2,Yes
Jérémy Doku,MID,3.4675517082214355,2,Yes
Mateo Kovačić,MID,3.457601308822632,2,Yes
Anthony Gordon,MID,3.4234960079193115,2,Yes
Tomáš Souček,MID,3.4129369258880615,2,Yes
Jarrod Bowen,MID,3.4008121490478516,2,Yes
Dominik Szoboszlai,MID,3.3637280464172363,2,Yes
Luis Díaz,MID,3.3628759384155273,2,Yes
Eberechi Eze,MID,3.359339952468872,2,Yes
Adama Traoré,MID,3.3372561931610107,2,Yes
Bruno Borges Fernandes,MID,3.2293484210968018,2,Yes
Alexis Mac Allister,MID,3.2269508838653564,2,Yes
Anthony Elanga,MID,3.1634907722473145,2,Yes
Declan Rice,MID,3.1593010425567627,2,Yes
Dwight McNeil,MID,3.1179375648498535,2,Yes
Leon Bailey,MID,3.101316213607788,2,Yes
Emile Smith Rowe,MID,3.069481134414673,2,Yes
Bruno Guimarães Rodriguez Moura,MID,3.0644116401672363,2,Yes
Gabriel Martinelli Silva,MID,3.0440847873687744,2,Yes
Alex Iwobi,MID,3.038116931915283,2,Yes
Phil Foden,MID,3.0300772190093994,2,Yes
Yankuba Minteh,MID,3.0055925846099854,2,Yes
Sávio 'Savinho' Moreira de Oliveira,MID,2.9781017303466797,2,Yes
Joelinton Cássio Apolinário de Lira,MID,2.9406683444976807,2,Yes
Morgan Rogers,MID,2.9092419147491455,2,Yes
Marcus Tavernier,MID,2.909015417098999,2,Yes
Youri Tielemans,MID,2.823699712753296,2,Yes
Jacob Ramsey,MID,2.7597639560699463,2,Yes
Ben Brereton Díaz,MID,2.6386890411376953,2,Yes
Saša Lukić,MID,2.631592035293579,2,Yes
Dejan Kulusevski,MID,2.6235477924346924,2,Yes
Harry Winks,MID,2.574295997619629,2,Yes
Thomas Partey,MID,2.557201862335205,2,Yes
Amadou Onana,MID,2.5491280555725098,2,Yes
Lewis Cook,MID,2.533406972885132,2,Yes
Ryan Gravenberch,MID,2.512813091278076,2,Yes
Jack Hinshelwood,MID,2.511866569519043,2,Yes
Brennan Johnson,MID,2.4926323890686035,2,Yes
Marcus Rashford,MID,2.4873692989349365,2,Yes
Simon Adingra,MID,2.4824366569519043,2,Yes
Sean Longstaff,MID,2.4688775539398193,2,Yes
Facundo Buonanotte,MID,2.4530704021453857,2,Yes
Moisés Caicedo Corozo,MID,2.4464027881622314,2,Yes
Mohammed Kudus,MID,2.444009304046631,2,Yes
Enzo Fernández,MID,2.4394805431365967,2,Yes
Mathias Jensen,MID,2.428541421890259,2,Yes
Justin Kluivert,MID,2.390886068344116,2,Yes
John McGinn,MID,2.3542978763580322,2,Yes
Christopher Nkunku,MID,2.293090343475342,2,Yes
Ryan Christie,MID,2.2886829376220703,2,Yes
Wilfred Ndidi,MID,2.280386209487915,2,Yes
Ibrahim Sangaré,MID,2.2680492401123047,2,Yes
Carlos Henrique Casimiro,MID,2.265001058578491,2,Yes
João Victor Gomes da Silva,MID,2.2629661560058594,2,Yes
Omari Giraud-Hutchinson,MID,2.2629282474517822,2,Yes
Abdul Fatawu,MID,2.2590036392211914,2,Yes
Leandro Trossard,MID,2.2060868740081787,2,Yes
Sam Szmodics,MID,2.1841378211975098,2,Yes
Elliot Anderson,MID,2.1833906173706055,2,Yes
Christian Nørgaard,MID,2.1654529571533203,2,Yes
Kobbie Mainoo,MID,2.129290819168091,2,Yes
Amad Diallo,MID,2.1098122596740723,2,Yes
Pedro Lomba Neto,MID,2.077153444290161,2,Yes
Jack Grealish,MID,2.0526647567749023,2,Yes
Vitaly Janelt,MID,2.03499174118042,2,Yes
Flynn Downes,MID,2.0179970264434814,2,Yes
Ilkay Gündogan,MID,1.9968602657318115,2,Yes
Keane Lewis-Potter,MID,1.9875998497009277,2,Yes
Sam Morsy,MID,1.9843111038208008,2,Yes
Bobby De Cordova-Reid,MID,1.9836926460266113,2,Yes
Idrissa Gueye,MID,1.9799590110778809,2,Yes
Yves Bissouma,MID,1.9671990871429443,2,Yes
Daichi Kamada,MID,1.949455976486206,2,Yes
Harvey Barnes,MID,1.919018030166626,2,Yes
Adam Wharton,MID,1.8908424377441406,2,Yes
Guido Rodríguez,MID,1.875767469406128,2,Yes
Will Smallbone,MID,1.872504472732544,2,Yes
João Félix Sequeira,MID,1.8704805374145508,2,Yes
Jack Harrison,MID,1.8412823677062988,2,Yes
James Milner,MID,1.8355615139007568,2,Yes
Wilson Odobert,MID,1.8244774341583252,2,Yes
Mario Lemina,MID,1.8200104236602783,2,Yes
Hwang Hee-chan,MID,1.8070051670074463,2,Yes
Massimo Luongo,MID,1.7756669521331787,2,Yes
Tim Iroegbunam,MID,1.7627589702606201,2,Yes
Joe Aribo,MID,1.7586634159088135,2,Yes
Abdoulaye Doucouré,MID,1.7449312210083008,2,Yes
Jean-Ricner Bellegarde,MID,1.7096755504608154,2,Yes
Dango Ouattara,MID,1.6906371116638184,2,Yes
Luis Sinisterra,MID,1.6594974994659424,2,Yes
Mason Mount,MID,1.6587650775909424,2,Yes
Billy Gilmour,MID,1.6463356018066406,2,Yes
Jefferson Lerma Solís,MID,1.6373231410980225,2,Yes
Alex Scott,MID,1.6327705383300781,2,Yes
Kevin Schade,MID,1.5906152725219727,2,Yes
Jacob Murphy,MID,1.5899686813354492,2,Yes
Harry Wilson,MID,1.4674289226531982,2,Yes
Samuel Edozie,MID,1.4567513465881348,2,Yes
Mikkel Damsgaard,MID,1.40823495388031,2,Yes
Fábio Freitas Gouveia Carvalho,MID,1.3556170463562012,2,Yes
Pape Matar Sarr,MID,1.3325471878051758,2,Yes
Jordan Ayew,MID,1.3285937309265137,2,Yes
Nicolás Domínguez,MID,1.3126726150512695,2,Yes
Conor Chaplin,MID,1.3017187118530273,2,Yes
Tom Cairney,MID,1.2412726879119873,2,Yes
Ismaïla Sarr,MID,1.2338738441467285,2,Yes
Jesper Lindstrøm,MID,1.2035949230194092,2,Yes
Roméo Lavia,MID,1.200943946838379,2,Yes
Rodrigo Bentancur,MID,1.1823782920837402,2,Yes
Mykhailo Mudryk,MID,1.1811466217041016,2,Yes
Rodrigo Martins Gomes,MID,1.1761977672576904,2,Yes
Stephy Mavididi,MID,1.1407716274261475,2,Yes
Pablo Sarabia,MID,1.123835802078247,2,Yes
Wes Burns,MID,1.122193694114685,2,Yes
Tyler Dibling,MID,1.0230541229248047,2,Yes
Alejandro Garnacho,MID,1.0130902528762817,2,Yes
Frank Onyeka,MID,1.0026613473892212,2,Yes
Daniel Castelo Podence,MID,0.9936460256576538,2,Yes
Jack Taylor,MID,0.9738223552703857,2,Yes
Scott McTominay,MID,0.9261125922203064,2,Yes
Marcus Myers-Harness,MID,0.9250560998916626,2,Yes
Lucas Bergvall,MID,0.9053494930267334,2,Yes
Joe Willock,MID,0.8792200684547424,2,Yes
Will Hughes,MID,0.8606895208358765,2,Yes
Antony Matheus dos Santos,MID,0.8346083164215088,2,Yes
Kiernan Dewsbury-Hall,MID,0.8175333738327026,2,Yes
Ryan Yates,MID,0.8034552931785583,2,Yes
Mateus Gonçalo Espanha Fernandes,MID,0.7745370268821716,2,Yes
Jaden Philogene,MID,0.7487919926643372,2,Yes
Ross Barkley,MID,0.7465217113494873,2,Yes
Crysencio Summerville,MID,0.7381333112716675,2,Yes
João Pedro Ferreira Silva,MID,0.7231940627098083,2,Yes
Archie Gray,MID,0.718207836151123,2,Yes
Edson Álvarez Velázquez,MID,0.6982489228248596,2,Yes
Kasey McAteer,MID,0.6904541254043579,2,Yes
James Ward-Prowse,MID,0.6690444946289062,2,Yes
Carlos Baleba,MID,0.6524767875671387,2,Yes
Harrison Reed,MID,0.6334476470947266,2,Yes
Oliver Skipp,MID,0.5976510643959045,2,Yes
Julio Enciso,MID,0.5701975226402283,2,Yes
Yasin Ayari,MID,0.5583787560462952,2,Yes
Miguel Almirón Rejala,MID,0.5549946427345276,2,Yes
Harvey Elliott,MID,0.5234339833259583,2,Yes
Timo Werner,MID,0.5128718614578247,2,Yes
Georginio Rutter,MID,0.46169036626815796,2,Yes
Jeffrey Schlupp,MID,0.4495498538017273,2,Yes
Danilo dos Santos de Oliveira,MID,0.4431608021259308,2,Yes
Reiss Nelson,MID,0.44095394015312195,2,Yes
Renato Palma Veiga,MID,0.43495503067970276,2,Yes
Carlos Alcaraz Durán,MID,0.431195467710495,2,Yes
Harrison Armstrong,MID,0.4261963367462158,2,Yes
Tommy Doyle,MID,0.4234907925128937,2,Yes
Mats Wieffer,MID,0.40722182393074036,2,Yes
Boubakary Soumaré,MID,0.36591917276382446,2,Yes
Samuel Amo-Ameyaw,MID,0.35537174344062805,2,Yes
Cheick Doucouré,MID,0.35270994901657104,2,Yes
Endo Wataru,MID,0.3244151175022125,2,Yes
Jadon Sancho,MID,0.3209356963634491,2,Yes
Jeremy Sarmiento Morante,MID,0.3208111524581909,2,Yes
Moussa Diaby,MID,0.31366202235221863,2,Yes
Pascal Groß,MID,0.3023494482040405,2,Yes
Solly March,MID,0.3017776310443878,2,Yes
James McAtee,MID,0.30176061391830444,2,Yes
Raheem Sterling,MID,0.28917402029037476,2,Yes
Philip Billing,MID,0.28905850648880005,2,Yes
Matheus Luiz Nunes,MID,0.2873445749282837,2,Yes
Fábio Ferreira Vieira,MID,0.2790681719779968,2,Yes
Brajan Gruda,MID,0.276294469833374,2,Yes
Rodrigo 'Rodri' Hernandez,MID,0.2758442461490631,2,Yes
Conor Gallagher,MID,0.27319762110710144,2,Yes
Ramón Sosa,MID,0.272874116897583,2,Yes
Christian Eriksen,MID,0.27090901136398315,2,Yes
Manor Solomon,MID,0.2634805142879486,2,Yes
Sandro Tonali,MID,0.2630915939807892,2,Yes
Lewis O'Brien,MID,0.2619624435901642,2,Yes
Francisco Jorge Tomás Oliveira,MID,0.260417103767395,2,Yes
Jorge Luiz Frello Filho,MID,0.25884202122688293,2,Yes
Adam Lallana,MID,0.25804659724235535,2,Yes
Kamaldeen Sulemana,MID,0.2579379975795746,2,Yes
Andrew Moran,MID,0.2572523355484009,2,Yes
Jenson Metcalfe,MID,0.2571812868118286,2,Yes
Facundo Pellistri Rebollo,MID,0.25604331493377686,2,Yes
Curtis Jones,MID,0.2556820213794708,2,Yes
Andy Irving,MID,0.25460487604141235,2,Yes
Maxwel Cornet,MID,0.25439444184303284,2,Yes
Luis Guilherme Lira dos Santos,MID,0.25427085161209106,2,Yes
Carney Chukwuemeka,MID,0.25217053294181824,2,Yes
Emiliano Buendía Stati,MID,0.25113606452941895,2,Yes
Samuel Iling-Junior,MID,0.2507788836956024,2,Yes
Josh Dasilva,MID,0.2500043511390686,2,Yes
Ibrahim Osman,MID,0.2491600215435028,2,Yes
Mahmoud Dahoud,MID,0.2490333616733551,2,Yes
Giovani Lo Celso,MID,0.2482529878616333,2,Yes
Pierre-Emile Højbjerg,MID,0.24788746237754822,2,Yes
Bryan Gil Salvatierra,MID,0.24762749671936035,2,Yes
Kalvin Phillips,MID,0.2474052608013153,2,Yes
James Garner,MID,0.24576586484909058,2,Yes
Lesley Ugochukwu,MID,0.24549368023872375,2,Yes
Tyler Adams,MID,0.24473515152931213,2,Yes
David Brooks,MID,0.24464842677116394,2,Yes
Romain Faivre,MID,0.2444765269756317,2,Yes
Hannibal Mejbri,MID,0.24402624368667603,2,Yes
Lewis Miley,MID,0.24299383163452148,2,Yes
Ryan Fraser,MID,0.24299347400665283,2,Yes
Ryan Trevitt,MID,0.24295735359191895,2,Yes
David Ozoh,MID,0.2425784170627594,2,Yes
Jesurun Rak-Sakyi,MID,0.24248653650283813,2,Yes
Matheus França de Oliveira,MID,0.24248167872428894,2,Yes
Malcolm Ebiowei,MID,0.24246037006378174,2,Yes
Alex Mighten,MID,0.2424250841140747,2,Yes
Nathan Broadhead,MID,0.24240216612815857,2,Yes
Eric da Silva Moreira,MID,0.2422344982624054,2,Yes
Josh Bowler,MID,0.24219214916229248,2,Yes
Naouirou Ahamada,MID,0.24217984080314636,2,Yes
Yehor Yarmoliuk,MID,0.24194997549057007,2,Yes
Gonçalo Manuel Ganchinho Guedes,MID,0.24084267020225525,2,Yes
George Earthy,MID,0.24051141738891602,2,Yes
Omari Kellyman,MID,0.2402881681919098,2,Yes
Cesare Casadei,MID,0.24010029435157776,2,Yes
Ângelo Gabriel Borges Damaceno,MID,0.2399991750717163,2,Yes
Shea Charles,MID,0.23988929390907288,2,Yes
Toby Collyer,MID,0.2396218478679657,2,Yes
Andrey Nascimento dos Santos,MID,0.23953542113304138,2,Yes
Mikey Moore,MID,0.23780685663223267,2,Yes
Ethan Nwaneri,MID,0.23753395676612854,2,Yes
Sander Berge,MID,0.235762357711792,2,Yes
Will Alves,MID,0.23490557074546814,2,Yes
Alfie Devine,MID,0.23342320322990417,2,Yes
Cameron Peupion,MID,0.2329484522342682,2,Yes
Adrian Mazilu,MID,0.2327258288860321,2,Yes
Jakub Moder,MID,0.2327151596546173,2,Yes
Kacper Kozłowski,MID,0.23264387249946594,2,Yes
Nico O'Reilly,MID,0.23254120349884033,2,Yes
Amario Cozier-Duberry,MID,0.23222500085830688,2,Yes
Benicio Baker-Boaitey,MID,0.23214450478553772,2,Yes
Hamza Choudhury,MID,0.23209381103515625,2,Yes
Wanya Marçal-Madivádua,MID,0.23127111792564392,2,Yes
Michael Golding,MID,0.23126435279846191,2,Yes
Myles Lewis-Skelly,MID,0.2304479479789734,2,Yes
Jens Cajuste,MID,0.22955191135406494,2,Yes
Enzo Barrenechea,MID,0.2291676104068756,2,Yes
Lewis Dobbin,MID,0.22888115048408508,2,Yes
Boubacar Kamara,MID,0.22876551747322083,2,Yes
Ethan Brierley,MID,0.22784793376922607,2,Yes
Joe White,MID,0.22756299376487732,2,Yes
Yunus Emre Konak,MID,0.22729068994522095,2,Yes
Myles Peart-Harris,MID,0.22696414589881897,2,Yes
Isaac Hayden,MID,0.22562137246131897,2,Yes
Garang Kuol,MID,0.22554132342338562,2,Yes
Boubacar Traoré,MID,0.22518280148506165,2,Yes
Cameron Humphreys,MID,0.2233177125453949,2,Yes
Tyler Morton,MID,0.221940279006958,2,Yes
James McConnell,MID,0.22191548347473145,2,Yes
Ben Doak,MID,0.22171589732170105,2,Yes
Bobby Clark,MID,0.22165101766586304,2,Yes
Stefan Bajčetić Maquieira,MID,0.22136220335960388,2,Yes
Hamed Traorè,MID,0.22077149152755737,2,Yes
Jaidon Anthony,MID,0.2204129695892334,2,Yes
Martial Godo,MID,0.21369746327400208,2,Yes
Josh King,MID,0.21361547708511353,2,Yes
Oscar Bobb,MID,0.212007075548172,2,Yes
Joe Hodge,MID,0.21166548132896423,2,Yes
Enso González,MID,0.21140384674072266,2,Yes
Luke Cundle,MID,0.21133211255073547,2,Yes
Tawanda Chirewa,MID,0.2112470269203186,2,Yes
Leander Dendoncker,MID,0.20759722590446472,2,Yes
Luke Harris,MID,0.203359454870224,2,Yes
Trent Alexander-Arnold,DEF,4.144020080566406,2,Yes
Andrew Robertson,DEF,3.893908977508545,2,Yes
Joško Gvardiol,DEF,3.752443313598633,2,Yes
Manuel Akanji,DEF,3.6896705627441406,2,Yes
Benjamin White,DEF,3.59130859375,2,Yes
Virgil van Dijk,DEF,3.4120888710021973,2,Yes
Rúben Gato Alves Dias,DEF,3.406148910522461,2,Yes
William Saliba,DEF,3.3834338188171387,2,Yes
Nathan Collins,DEF,3.369297504425049,2,Yes
Ola Aina,DEF,3.2849574089050293,2,Yes
Rico Lewis,DEF,3.236077308654785,2,Yes
Antonee Robinson,DEF,3.216137409210205,2,Yes
Murillo Santiago Costa dos Santos,DEF,3.215186595916748,2,Yes
Gabriel dos Santos Magalhães,DEF,3.056389808654785,2,Yes
Ibrahima Konaté,DEF,2.983318328857422,2,Yes
Kristoffer Ajer,DEF,2.864928722381592,2,Yes
Jurriën Timber,DEF,2.80153751373291,2,Yes
Nikola Milenković,DEF,2.7926740646362305,2,Yes
Kenny Tete,DEF,2.789937973022461,2,Yes
Mads Roerslev Rasmussen,DEF,2.74859619140625,2,Yes
Issa Diop,DEF,2.739680290222168,2,Yes
Ezri Konsa Ngoyo,DEF,2.6101841926574707,2,Yes
Pau Torres,DEF,2.592621326446533,2,Yes
Lucas Digne,DEF,2.580921173095703,2,Yes
James Justin,DEF,2.5589561462402344,2,Yes
Illia Zabarnyi,DEF,2.411259174346924,2,Yes
Marc Cucurella Saseta,DEF,2.405810832977295,2,Yes
Calvin Bassey,DEF,2.367661952972412,2,Yes
Joël Veltman,DEF,2.366424560546875,2,Yes
Neco Williams,DEF,2.328101634979248,2,Yes
Destiny Udogie,DEF,2.320769786834717,2,Yes
Kyle Walker-Peters,DEF,2.3173389434814453,2,Yes
Cristian Romero,DEF,2.3153839111328125,2,Yes
Victor Kristiansen,DEF,2.2569398880004883,2,Yes
Emil Krafth,DEF,2.2558603286743164,2,Yes
Noussair Mazraoui,DEF,2.2377872467041016,2,Yes
Dan Burn,DEF,2.2297613620758057,2,Yes
Micky van de Ven,DEF,2.2128849029541016,2,Yes
Malo Gusto,DEF,2.1869726181030273,2,Yes
Jan Bednarek,DEF,2.1431145668029785,2,Yes
Milos Kerkez,DEF,2.069645881652832,2,Yes
Jannik Vestergaard,DEF,2.057028293609619,2,Yes
Jan Paul van Hecke,DEF,2.0543689727783203,2,Yes
Levi Colwill,DEF,2.0040242671966553,2,Yes
John Stones,DEF,2.002474784851074,2,Yes
Tino Livramento,DEF,1.9703294038772583,2,Yes
Kosta Nedeljković,DEF,1.9473470449447632,2,Yes
Michael Keane,DEF,1.9384667873382568,2,Yes
Lewis Dunk,DEF,1.9382964372634888,2,Yes
Jacob Greaves,DEF,1.9339358806610107,2,Yes
Max Kilman,DEF,1.9316987991333008,2,Yes
Sugawara Yukinari,DEF,1.9304195642471313,2,Yes
Lloyd Kelly,DEF,1.91816246509552,2,Yes
Ian Maatsen,DEF,1.8985048532485962,2,Yes
Konstantinos Mavropanos,DEF,1.8831377029418945,2,Yes
Julián Araujo Zúñiga,DEF,1.8660205602645874,2,Yes
Marcos Senesi,DEF,1.8424663543701172,2,Yes
Leif Davis,DEF,1.8370016813278198,2,Yes
Emerson Palmieri dos Santos,DEF,1.8197765350341797,2,Yes
Willy Boly,DEF,1.7814537286758423,2,Yes
James Tarkowski,DEF,1.7713661193847656,2,Yes
Vitalii Mykolenko,DEF,1.7694315910339355,2,Yes
Axel Tuanzebe,DEF,1.7415351867675781,2,Yes
Wesley Fofana,DEF,1.6995162963867188,2,Yes
Tyrick Mitchell,DEF,1.6667957305908203,2,Yes
Lewis Hall,DEF,1.6062942743301392,2,Yes
Matty Cash,DEF,1.591739296913147,2,Yes
Wout Faes,DEF,1.5709284543991089,2,Yes
Diogo Dalot Teixeira,DEF,1.5544556379318237,2,Yes
Vladimír Coufal,DEF,1.4793697595596313,2,Yes
Fabian Schär,DEF,1.4784202575683594,2,Yes
Harry Maguire,DEF,1.4451607465744019,2,Yes
Marc Guéhi,DEF,1.414543628692627,2,Yes
Jack Stephens,DEF,1.400978922843933,2,Yes
Luke Woolfenden,DEF,1.370804786682129,2,Yes
Daniel Muñoz,DEF,1.3406338691711426,2,Yes
Oleksandr Zinchenko,DEF,1.33024263381958,2,Yes
Lisandro Martínez,DEF,1.3228840827941895,2,Yes
Taylor Harwood-Bellis,DEF,1.3201664686203003,2,Yes
Pedro Porro,DEF,1.2884526252746582,2,Yes
Ashley Young,DEF,1.2827184200286865,2,Yes
Toti António Gomes,DEF,1.2586455345153809,2,Yes
Ben Johnson,DEF,1.2231721878051758,2,Yes
Roman Dixon,DEF,1.1675574779510498,2,Yes
Matt Doherty,DEF,1.1498794555664062,2,Yes
Rayan Aït-Nouri,DEF,1.098931074142456,2,Yes
Yerson Mosquera,DEF,1.0511035919189453,2,Yes
Chris Richards,DEF,0.9595980644226074,2,Yes
Joachim Andersen,DEF,0.9213966727256775,2,Yes
Adam Smith,DEF,0.900549054145813,2,Yes
Dean Huijsen,DEF,0.8907153606414795,2,Yes
Conor Bradley,DEF,0.8574373722076416,2,Yes
Ethan Pinnock,DEF,0.8487456440925598,2,Yes
Riccardo Calafiori,DEF,0.7775500416755676,2,Yes
Kieran Trippier,DEF,0.7704188823699951,2,Yes
Chadi Riad Dnanou,DEF,0.6122878789901733,2,Yes
Kyle Walker,DEF,0.5802296996116638,2,Yes
Harry Toffolo,DEF,0.5584179759025574,2,Yes
Nathan Aké,DEF,0.5273756980895996,2,Yes
Matthijs de Ligt,DEF,0.5021946430206299,2,Yes
João Cavaco Cancelo,DEF,0.47204864025115967,2,Yes
Adam Webster,DEF,0.39666470885276794,2,Yes
Ben Mee,DEF,0.3791540265083313,2,Yes
Jarell Quansah,DEF,0.3757161498069763,2,Yes
Ben Chilwell,DEF,0.36823415756225586,2,Yes
Reece James,DEF,0.3444976806640625,2,Yes
Craig Dawson,DEF,0.2987760603427887,2,Yes
Jean-Clair Todibo,DEF,0.2647576332092285,2,Yes
Konstantinos Tsimikas,DEF,0.25937989354133606,2,Yes
Djed Spence,DEF,0.25106874108314514,2,Yes
Álex Moreno Lopera,DEF,0.24996958673000336,2,Yes
Aaron Wan-Bissaka,DEF,0.22799986600875854,2,Yes
Jarrad Branthwaite,DEF,0.22056210041046143,2,Yes
Joe Worrall,DEF,0.20543809235095978,2,Yes
Andrew Omobamidele,DEF,0.20419329404830933,2,Yes
Omar Richards,DEF,0.20381662249565125,2,Yes
Jonny Evans,DEF,0.2018560767173767,2,Yes
Rico Henry,DEF,0.2009064108133316,2,Yes
Aaron Hickey,DEF,0.20083220303058624,2,Yes
Valentín Barco,DEF,0.19913719594478607,2,Yes
Mathias Jorgensen,DEF,0.19887064397335052,2,Yes
Charlie Taylor,DEF,0.18933281302452087,2,Yes
Benoît Badiashile,DEF,0.18063926696777344,2,Yes
Trevoh Chalobah,DEF,0.17930863797664642,2,Yes
Axel Disasi,DEF,0.17829203605651855,2,Yes
Malang Sarr,DEF,0.1776781678199768,2,Yes
Tosin Adarabioyo,DEF,0.17511415481567383,2,Yes
Jake O'Brien,DEF,0.1674157977104187,2,Yes
Mason Holgate,DEF,0.1668396294116974,2,Yes
Sepp van den Berg,DEF,0.1659143567085266,2,Yes
Séamus Coleman,DEF,0.1572810709476471,2,Yes
Nathan Patterson,DEF,0.1544557809829712,2,Yes
Jakub Kiwior,DEF,0.1513039469718933,2,Yes
Jonathan Panzo,DEF,0.1500716209411621,2,Yes
George Edmundson,DEF,0.1474388837814331,2,Yes
Kim Ji-soo,DEF,0.14434188604354858,2,Yes
Luke Shaw,DEF,0.14414876699447632,2,Yes
Alfie Gilchrist,DEF,0.1439027041196823,2,Yes
Aaron Cresswell,DEF,0.14017032086849213,2,Yes
Tomiyasu Takehiro,DEF,0.13978609442710876,2,Yes
Ryan Manning,DEF,0.13130810856819153,2,Yes
Diego Carlos Santos Silva,DEF,0.12846463918685913,2,Yes
Leny Yoro,DEF,0.12833330035209656,2,Yes
Victor Lindelöf,DEF,0.12646740674972534,2,Yes
Jorge Cuenca Barreno,DEF,0.1259220540523529,2,Yes
Timothy Castagne,DEF,0.12564122676849365,2,Yes
Tyrell Malacia,DEF,0.12525729835033417,2,Yes
Joe Gomez,DEF,0.12523645162582397,2,Yes
Tyrone Mings,DEF,0.1244429275393486,2,Yes
Ryan Sessegnon,DEF,0.1243828758597374,2,Yes
Pervis Estupiñán,DEF,0.12364465743303299,2,Yes
Joel Ward,DEF,0.12219489365816116,2,Yes
Nathaniel Clyne,DEF,0.12149995565414429,2,Yes
Rob Holding,DEF,0.12147361785173416,2,Yes
Ricardo Barbosa Pereira,DEF,0.11999876797199249,2,Yes
Issa Kaboré,DEF,0.11763551086187363,2,Yes
Nathan Wood-Gordon,DEF,0.11703813076019287,2,Yes
Ben Nelson,DEF,0.11613459885120392,2,Yes
Kieran Tierney,DEF,0.1160251647233963,2,Yes
Jamaal Lascelles,DEF,0.11461248993873596,2,Yes
Sven Botman,DEF,0.11412081122398376,2,Yes
Kurt Zouma,DEF,0.10977397859096527,2,Yes
Caleb Wiley,DEF,0.10789214074611664,2,Yes
Nayef Aguerd,DEF,0.10788600146770477,2,Yes
Conor Townsend,DEF,0.1071903258562088,2,Yes
Cameron Burgess,DEF,0.1070498526096344,2,Yes
Tim Ream,DEF,0.10550634562969208,2,Yes
Luke Thomas,DEF,0.10432997345924377,2,Yes
Armel Bella-Kotchap,DEF,0.10409930348396301,2,Yes
Elkan Baggott,DEF,0.10407461225986481,2,Yes
Harry Clarke,DEF,0.10357420146465302,2,Yes
Conor Coady,DEF,0.10330647230148315,2,Yes
Juan Larios López,DEF,0.1032678633928299,2,Yes
Ronnie Edwards,DEF,0.10314702987670898,2,Yes
Caleb Okoli,DEF,0.10267660021781921,2,Yes
James Bree,DEF,0.10263676941394806,2,Yes
Corrie Ndaba,DEF,0.10230167210102081,2,Yes
Miodrag Pivaš,DEF,0.10221749544143677,2,Yes
Harry Souttar,DEF,0.10165001451969147,2,Yes
Alex Murphy,DEF,0.10020184516906738,2,Yes
Matt Targett,DEF,0.09959851205348969,2,Yes
Jamal Lewis,DEF,0.0993395745754242,2,Yes
Max Aarons,DEF,0.0901486724615097,2,Yes
Chris Mepham,DEF,0.08708766102790833,2,Yes
Lamare Bogarde,DEF,0.07872633635997772,2,Yes
Kortney Hause,DEF,0.07749514281749725,2,Yes
Sergio Reguilón,DEF,0.07215002179145813,2,Yes
Kaine Kesler-Hayden,DEF,0.07144097983837128,2,Yes
Ben Davies,DEF,0.07142387330532074,2,Yes
Radu Drăgușin,DEF,0.07136277854442596,2,Yes
Emerson Leite de Souza Junior,DEF,0.07085022330284119,2,Yes
Lino da Cruz Sousa,DEF,0.06480678915977478,2,Yes
Tariq Lamptey,DEF,0.06245221197605133,2,Yes
Igor Julio dos Santos de Paulo,DEF,0.061799660325050354,2,Yes
Pedro Cardoso de Lima,DEF,0.061533138155937195,2,Yes
Santiago Bueno,DEF,0.0609293133020401,2,Yes
Nélson Cabral Semedo,DEF,0.060376107692718506,2,Yes
Hugo Bueno López,DEF,0.060239747166633606,2,Yes
Kevin Mbabu,DEF,0.058083757758140564,2,Yes
Ashley Phillips,DEF,0.0564550906419754,2,Yes
James Hill,DEF,0.05403907597064972,2,Yes
Ki-Jana Hoever,DEF,0.05072791874408722,2,Yes
Rhys Williams,DEF,0.04845966398715973,2,Yes
Nathaniel Phillips,DEF,0.04791836440563202,2,Yes
Odeluga Offiah,DEF,0.036232590675354004,2,Yes
Matz Sels,GK,3.977175235748291,2,Yes
Bernd Leno,GK,3.9254767894744873,2,Yes
Emiliano Martínez Romero,GK,3.7131712436676025,2,Yes
Mark Flekken,GK,3.4940032958984375,2,Yes
Norberto Murara Neto,GK,3.484344005584717,2,Yes
Guglielmo Vicario,GK,3.430327892303467,2,Yes
Jordan Pickford,GK,3.3639326095581055,2,Yes
Mads Hermansen,GK,3.152026414871216,2,Yes
David Raya Martin,GK,3.0990569591522217,2,Yes
Alisson Ramses Becker,GK,2.9046630859375,2,Yes
José Malheiro de Sá,GK,2.840972423553467,2,Yes
Robert Sánchez,GK,2.798046350479126,2,Yes
Ederson Santana de Moraes,GK,2.635678291320801,2,Yes
Alphonse Areola,GK,2.535903215408325,2,Yes
Alex McCarthy,GK,2.4557442665100098,2,Yes
André Onana,GK,2.3445534706115723,2,Yes
Dean Henderson,GK,2.3149445056915283,2,Yes
Nick Pope,GK,2.132979154586792,2,Yes
Jason Steele,GK,1.9539374113082886,2,Yes
Arijanet Muric,GK,1.403922200202942,2,Yes
Christian Walton,GK,1.1986985206604004,2,Yes
Stefan Ortega Moreno,GK,0.5041261315345764,2,Yes
Matt Turner,GK,0.24288173019886017,2,Yes
Hákon Valdimarsson,GK,0.2228809893131256,2,Yes
Caoimhin Kelleher,GK,0.16078470647335052,2,Yes
Steven Benda,GK,0.14671358466148376,2,Yes
Scott Carson,GK,0.14240972697734833,2,Yes
Carlos Miguel dos Santos Pereira,GK,0.1376180201768875,2,Yes
Mark Travers,GK,0.12834373116493225,2,Yes
Robin Olsen,GK,0.12484117597341537,2,Yes
Aaron Ramsdale,GK,0.12185490876436234,2,Yes
Gavin Bazunu,GK,0.11459986865520477,2,Yes
Đorđe Petrović,GK,0.11006070673465729,2,Yes
Filip Jørgensen,GK,0.10917031764984131,2,Yes
Bart Verbruggen,GK,0.10677112638950348,2,Yes
Kepa Arrizabalaga,GK,0.10643090307712555,2,Yes
Danny Ward,GK,0.10156439989805222,2,Yes
Łukasz Fabiański,GK,0.0968654453754425,2,Yes
Fraser Forster,GK,0.09641142189502716,2,Yes
Joe Gauci,GK,0.08513129502534866,2,Yes
Martin Dúbravka,GK,0.08507396280765533,2,Yes
Odysseas Vlachodimos,GK,0.0850372314453125,2,Yes
Asmir Begovic,GK,0.08067096769809723,2,Yes
Filip Marschall,GK,0.08005714416503906,2,Yes
Viljami Sinisalo,GK,0.07980003207921982,2,Yes
João Neves Virgínia,GK,0.07933229207992554,2,Yes
Alfie Whiteman,GK,0.07699920237064362,2,Yes
Daniel Iversen,GK,0.07692786306142807,2,Yes
Alex Paulsen,GK,0.0765841156244278,2,Yes
Will Dennis,GK,0.07232634723186493,2,Yes
Jakub Stolarczyk,GK,0.06770487129688263,2,Yes
Karl Hein,GK,0.0668938159942627,2,Yes
Marcus Bettinelli,GK,0.06469301879405975,2,Yes
Brandon Austin,GK,0.06435039639472961,2,Yes
Mateusz Lis,GK,0.06385895609855652,2,Yes
Joe Lumley,GK,0.06377235054969788,2,Yes
Lucas Bergström,GK,0.0629555881023407,2,Yes
Cieran Slicker,GK,0.06165061891078949,2,Yes
John Ruddy,GK,0.04609544575214386,2,Yes
Sam Johnstone,GK,0.041449517011642456,2,Yes
Daniel Bentley,GK,0.03613686561584473,2,Yes
Carl Rushworth,GK,0.027090057730674744,2,Yes
Tom King,GK,0.02560099959373474,2,Yes
Wes Foderingham,GK,0.024139657616615295,2,Yes
Altay Bayindir,GK,-0.0015145689249038696,2,Yes
Remi Matthews,GK,-0.005783304572105408,2,Yes
Tom Heaton,GK,-0.06157808005809784,2,Yes
